id,user_id,item,category,price,state,created_at
1,69,88,Garden,68.13,successful,2021-01-18 16:19:00.005
2,155,25,Grocery,75.89,successful,2021-01-12 18:46:37.388
3,560,59,Books,19.7,successful,2021-03-17 05:28:17.213
4,562,95,Games,17.64,successful,2021-03-10 11:49:25.085
5,64,24,Kids,76.08,successful,2021-03-12 12:43:17.856
6,402,88,Movies,42.87,successful,2021-03-14 14:10:22.982
7,319,67,Garden,22.85,successful,2021-02-03 19:46:11.887
8,86,69,Outdoors,25.21,successful,2021-02-18 06:15:33.87
9,585,51,Grocery,34.85,successful,2021-03-03 22:37:31.327
10,297,38,Games,94.6,successful,2021-02-13 22:29:54.24
11,579,49,Baby,49.3,successful,2021-03-18 18:23:47.912
12,283,98,Industrial,41.39,successful,2021-02-02 16:21:11.774
13,437,49,Electronics,56.63,successful,2021-03-03 07:26:35.748
14,319,65,Games,36.71,successful,2021-03-01 08:03:48.598
15,162,35,Jewelery,82.48,successful,2021-02-10 12:09:07.022
16,233,10,Tools,75.18,successful,2021-03-09 09:38:05.915
17,119,84,Computers,46.87,successful,2021-01-30 17:06:40.31
18,487,80,Automotive,69.9,successful,2021-03-06 02:09:53.348
19,16,21,Clothing,98.12,successful,2021-01-03 09:15:14.908
20,263,13,Sports,58.62,successful,2021-03-07 06:41:20.788
21,240,85,Grocery,72.63,successful,2021-01-18 01:01:06.593
22,455,77,Sports,54.32,successful,2021-02-07 22:20:17.503
23,514,47,Industrial,34.04,successful,2021-02-28 11:39:22.663
24,136,88,Computers,58.17,successful,2021-02-24 16:35:42.78
25,337,84,Computers,94.14,successful,2021-03-06 02:08:04.007
26,282,25,Beauty,90.28,successful,2021-02-18 13:35:20.587
27,510,92,Home,2.75,successful,2021-03-15 22:29:41.286
28,312,88,Grocery,7.13,successful,2021-02-13 12:55:00.165
29,223,50,Health,20.32,successful,2021-02-18 06:27:33.814
30,187,11,Health,44.47,successful,2021-01-25 15:22:26.368
31,357,94,Outdoors,98.94,successful,2021-03-11 13:25:42.189
32,320,2,Industrial,70.23,successful,2021-03-01 20:43:56.279
33,439,76,Home,45.06,successful,2021-03-09 23:42:54.762
34,163,72,Shoes,68.01,failed,2021-02-07 07:29:32.914
35,184,53,Sports,37.1,successful,2021-03-05 12:33:51.209
36,318,66,Books,29.25,successful,2021-02-13 12:48:40.332
37,153,17,Industrial,8.78,successful,2021-02-12 11:46:30.238
38,120,49,Shoes,84.59,successful,2021-02-02 11:46:41.476
39,50,36,Automotive,15.9,successful,2021-02-19 22:25:07.157
40,576,18,Industrial,9.46,successful,2021-02-16 16:17:14.309
41,518,56,Jewelery,96.88,successful,2021-02-14 05:19:09.749
42,265,92,Clothing,63.86,successful,2021-01-18 13:21:55.243
43,424,85,Tools,51.26,successful,2021-03-24 21:29:08.761
44,188,79,Tools,56.02,successful,2021-03-22 05:29:13.205
45,264,15,Clothing,83.4,successful,2021-03-03 12:54:48.912
46,506,87,Tools,8.6,successful,2021-03-21 22:59:51.879
47,197,23,Health,89.78,successful,2021-03-17 06:31:42.235
48,488,70,Health,52.13,successful,2021-02-25 15:27:54.271
49,274,69,Baby,96.1,successful,2021-03-03 16:46:08.152
50,423,49,Books,84.25,successful,2021-03-24 05:07:49.421
51,24,47,Kids,84.25,successful,2021-02-15 01:56:53.885
52,366,20,Sports,7.83,successful,2021-02-25 06:09:38.869
53,52,57,Sports,56.19,successful,2021-03-13 03:59:12.238
54,88,78,Health,32.5,successful,2021-01-11 20:04:15.55
55,230,88,Garden,94.11,successful,2021-01-21 01:24:56.096
56,252,45,Tools,90.67,successful,2021-03-07 03:20:32.266
57,534,96,Games,31.77,successful,2021-03-11 02:22:30.429
58,16,70,Shoes,77.31,successful,2021-01-04 16:25:29.313
59,35,9,Jewelery,18.52,successful,2021-03-17 09:39:07.236
60,436,68,Computers,42.28,successful,2021-03-01 17:43:27.342
61,439,85,Tools,31.54,successful,2021-03-01 08:15:56.604
62,203,18,Baby,43.01,successful,2021-02-05 07:07:06.5
63,378,86,Electronics,22.91,successful,2021-02-16 03:38:34.197
64,424,48,Movies,21.06,successful,2021-03-08 12:02:47.916
65,303,25,Baby,93.39,successful,2021-01-29 04:20:43.566
66,115,74,Computers,45.51,successful,2021-03-06 23:10:17.889
67,343,26,Sports,44.23,successful,2021-03-09 22:28:05.098
68,13,8,Computers,39.49,successful,2021-03-07 20:40:14.757
69,598,95,Tools,7.35,successful,2021-02-25 07:29:05.824
70,331,45,Beauty,87.82,successful,2021-02-07 19:58:44.246
71,212,20,Computers,48.53,successful,2021-02-27 08:43:23.42
72,460,54,Grocery,65.48,successful,2021-03-19 14:05:44.427
73,378,15,Automotive,10.07,successful,2021-03-16 12:03:57.828
74,426,56,Tools,62.77,successful,2021-02-10 23:13:00.108
75,297,63,Beauty,21.07,successful,2021-02-27 01:38:26.54
76,536,97,Automotive,12.77,successful,2021-03-17 22:43:25.45
77,445,100,Industrial,92.86,successful,2021-02-14 14:13:51.358
78,545,71,Health,17.38,successful,2021-03-17 22:36:50.083
79,513,35,Automotive,30.57,successful,2021-03-08 02:07:06.777
80,136,40,Sports,41.2,successful,2021-03-04 02:57:07.38
81,97,97,Health,13.75,successful,2021-02-18 03:23:03.388
82,442,33,Beauty,81.37,successful,2021-02-19 07:56:32.518
83,277,88,Sports,93.96,successful,2021-03-21 05:06:47.824
84,532,72,Health,27.14,successful,2021-03-10 14:58:57.164
85,520,86,Kids,1.83,successful,2021-02-22 10:29:26.145
86,24,30,Games,79.78,successful,2021-02-03 05:52:17.403
87,538,11,Industrial,94.73,successful,2021-03-07 08:32:20.167
88,370,58,Toys,87.98,successful,2021-02-13 17:37:05.282
89,120,46,Music,47.58,successful,2021-03-12 14:07:28.064
90,11,45,Books,59.03,successful,2021-01-31 05:31:00.435
91,313,95,Books,21.28,successful,2021-03-16 03:39:09.106
92,370,87,Electronics,26.14,successful,2021-03-21 20:31:27.941
93,94,67,Beauty,24.92,successful,2021-03-15 18:47:53.099
94,511,81,Jewelery,9.26,successful,2021-03-25 08:19:55.427
95,507,73,Jewelery,4.35,successful,2021-03-14 10:23:37.562
96,534,21,Clothing,86.79,successful,2021-03-06 18:57:10.525
97,584,51,Movies,17.63,successful,2021-03-24 10:08:16.481
98,465,22,Games,17.66,successful,2021-02-25 01:51:08.898
99,80,22,Sports,19.7,successful,2021-03-08 12:22:46.593
100,10,3,Jewelery,55.42,successful,2021-01-28 13:15:03.499
101,551,43,Automotive,54.56,failed,2021-03-07 06:45:26.981
102,134,78,Music,17.99,successful,2021-03-05 20:19:36.942
103,260,10,Outdoors,59.68,successful,2021-02-03 17:31:23.517
104,135,28,Baby,87.42,successful,2021-03-14 01:36:54.702
105,91,80,Music,94.3,successful,2021-03-20 02:20:58.138
106,407,73,Games,26.54,successful,2021-02-14 14:35:31.549
107,140,41,Grocery,70.85,successful,2021-01-17 01:34:38.816
108,409,81,Sports,55.13,successful,2021-03-10 00:25:36.855
109,337,93,Movies,63.17,successful,2021-02-21 11:12:11.663
110,40,8,Baby,34.92,successful,2021-02-19 18:52:25.324
111,419,90,Movies,88.64,successful,2021-02-01 13:04:15.203
112,178,89,Computers,10.77,successful,2021-03-21 22:31:36.096
113,183,55,Health,68.88,successful,2021-03-06 13:50:41.834
114,446,36,Music,78.68,successful,2021-03-01 14:54:56.08
115,75,41,Games,66.55,successful,2021-01-04 18:51:49.709
116,53,94,Garden,25.96,successful,2021-01-06 11:00:41.891
117,434,32,Sports,54.9,failed,2021-03-02 13:51:03.503
118,63,38,Toys,17.32,successful,2021-02-03 11:14:44.145
119,57,43,Jewelery,89.81,successful,2021-01-30 02:09:04.831
120,329,89,Grocery,57.75,successful,2021-03-21 12:25:48.716
121,127,2,Toys,99.94,successful,2021-03-22 10:05:45.892
122,599,29,Tools,64.39,successful,2021-03-23 16:24:34.431
123,39,33,Grocery,68.85,successful,2021-01-06 01:19:32.147
124,491,6,Baby,17.69,successful,2021-03-19 03:54:32.013
125,485,64,Automotive,74.35,successful,2021-03-10 03:01:19.727
126,137,35,Toys,73.89,successful,2021-02-24 09:16:05.487
127,118,8,Beauty,50.79,successful,2021-02-11 19:29:20.069
128,2,77,Books,91.98,failed,2021-03-02 21:03:50.518
129,69,91,Electronics,36.48,successful,2021-03-05 08:23:20.717
130,595,37,Tools,25.33,failed,2021-03-13 14:24:26.886
131,156,67,Health,37.3,successful,2021-02-24 19:03:16.99
132,251,39,Tools,32.8,successful,2021-03-01 01:06:18.528
133,496,21,Garden,3.06,successful,2021-03-05 12:56:27.103
134,592,34,Garden,37.41,successful,2021-02-23 18:57:26.24
135,275,7,Grocery,14.12,successful,2021-01-31 04:03:42.892
136,479,64,Outdoors,47.95,successful,2021-03-12 19:17:58.495
137,105,83,Shoes,18.13,failed,2021-03-17 04:17:04.563
138,516,38,Music,73.51,successful,2021-02-26 01:03:20.518
139,225,41,Automotive,47.79,successful,2021-01-23 17:09:12.353
140,63,43,Garden,86.8,successful,2021-02-19 04:03:37.4
141,468,63,Garden,63.95,successful,2021-03-09 18:01:15.96
142,306,19,Shoes,51.68,successful,2021-02-04 05:46:30.672
143,439,45,Electronics,92.35,successful,2021-03-22 09:04:52.287
144,316,68,Electronics,43.79,successful,2021-02-13 23:15:51.513
145,167,18,Clothing,36.46,successful,2021-01-09 18:03:45.855
146,335,53,Movies,50.58,failed,2021-02-01 15:41:17.456
147,347,97,Baby,17.55,successful,2021-02-28 13:34:13.262
148,156,69,Garden,88.4,successful,2021-01-27 13:21:14.1
149,134,58,Automotive,40.59,successful,2021-03-17 14:47:22.497
150,553,5,Shoes,66.62,successful,2021-03-19 22:33:28.198
151,182,60,Automotive,60.52,successful,2021-01-22 17:38:27.646
152,23,80,Electronics,22.13,successful,2021-03-15 00:14:29.016
153,247,2,Toys,4.72,successful,2021-03-18 15:40:35.825
154,383,32,Home,87.25,successful,2021-02-21 01:05:57.572
155,69,11,Grocery,4.7,successful,2021-03-17 14:39:49.546
156,181,34,Books,55.37,successful,2021-03-18 10:41:32.968
157,221,97,Garden,89.0,successful,2021-02-08 21:41:00.216
158,322,55,Movies,25.7,successful,2021-02-02 23:45:17.276
159,508,73,Electronics,12.15,successful,2021-02-13 03:08:41.437
160,465,88,Jewelery,86.5,successful,2021-02-15 23:37:08.736
161,13,67,Industrial,38.87,successful,2021-02-22 05:27:34.428
162,14,59,Health,89.08,successful,2021-01-07 11:24:58.61
163,435,40,Home,91.81,successful,2021-03-09 16:05:50.106
164,558,83,Baby,34.54,successful,2021-02-15 22:11:58.385
165,520,58,Clothing,87.87,successful,2021-03-04 13:47:30.929
166,373,44,Shoes,2.14,successful,2021-03-18 09:49:51.725
167,27,100,Movies,76.37,successful,2021-03-23 02:27:44.392
168,507,26,Books,67.95,successful,2021-02-11 12:34:01.593
169,586,20,Automotive,38.44,successful,2021-02-25 18:51:06.606
170,50,61,Grocery,73.96,successful,2021-01-24 15:54:04.529
171,36,42,Industrial,34.96,successful,2021-03-11 09:22:41.003
172,558,14,Clothing,47.97,successful,2021-03-04 22:34:18.976
173,110,13,Music,65.53,successful,2021-03-08 06:37:17.212
174,549,89,Beauty,81.41,successful,2021-03-11 09:57:41.967
175,116,24,Books,74.52,successful,2021-02-18 05:48:44.933
176,438,26,Games,70.28,successful,2021-03-11 05:41:01.117
177,352,55,Beauty,5.31,successful,2021-03-22 23:58:28.742
178,44,89,Jewelery,4.31,successful,2021-03-18 18:14:31.884
179,149,30,Garden,69.42,successful,2021-03-09 15:20:10.993
180,72,26,Health,40.09,successful,2021-01-24 07:57:06.362
181,447,25,Games,74.7,successful,2021-02-13 20:18:48.826
182,396,42,Jewelery,47.81,failed,2021-02-02 06:11:23.985
183,68,56,Grocery,15.55,successful,2021-01-31 10:10:33.88
184,278,47,Sports,89.15,successful,2021-02-05 08:38:30.59
185,363,45,Tools,15.39,successful,2021-03-09 16:43:42.291
186,486,23,Clothing,57.28,successful,2021-02-09 03:23:19.892
187,258,8,Industrial,92.04,successful,2021-02-15 09:15:00.061
188,509,22,Sports,46.16,successful,2021-03-08 16:20:58.32
189,568,52,Shoes,43.32,successful,2021-03-07 23:15:25.388
190,5,22,Clothing,1.05,successful,2021-01-04 14:16:16.637
191,411,42,Tools,72.35,failed,2021-02-22 08:43:02.899
192,390,37,Tools,30.25,successful,2021-01-29 22:34:04.812
193,534,70,Industrial,50.64,successful,2021-03-17 06:46:42.748
194,474,98,Grocery,90.91,successful,2021-03-19 19:06:20.902
195,222,44,Sports,20.34,successful,2021-03-19 10:39:55.912
196,67,89,Games,2.25,failed,2021-02-10 04:52:26.153
197,400,3,Electronics,34.4,successful,2021-02-21 08:41:40.154
198,240,62,Automotive,65.03,successful,2021-02-25 22:49:08.427
199,341,64,Movies,44.19,successful,2021-03-25 00:05:28.246
200,300,84,Electronics,42.01,successful,2021-03-02 08:38:25.824
201,440,92,Outdoors,88.98,successful,2021-03-12 18:12:30.52
202,415,58,Shoes,31.31,successful,2021-02-22 11:33:05.054
203,26,20,Books,10.34,successful,2021-01-26 06:54:55.907
204,479,39,Movies,66.98,successful,2021-03-06 13:15:17.34
205,339,3,Sports,19.79,successful,2021-03-10 20:33:36.666
206,336,8,Toys,14.61,successful,2021-03-20 20:44:55.678
207,457,19,Games,52.55,successful,2021-03-25 12:37:31.073
208,79,64,Games,82.32,successful,2021-01-24 18:41:45.799
209,92,90,Jewelery,76.67,successful,2021-03-01 01:28:37.442
210,264,20,Beauty,29.02,successful,2021-03-01 11:02:54.056
211,564,58,Grocery,1.42,successful,2021-02-14 14:54:00.788
212,403,13,Tools,33.84,successful,2021-02-02 06:39:21.929
213,10,53,Health,37.46,successful,2021-01-03 20:38:34.993
214,314,19,Shoes,71.12,successful,2021-03-19 23:05:20.125
215,434,49,Outdoors,95.47,successful,2021-03-14 05:03:06.182
216,5,20,Automotive,20.07,successful,2021-02-06 13:25:48.996
217,33,41,Games,15.45,successful,2021-03-08 04:00:35.426
218,502,72,Kids,13.62,successful,2021-03-24 02:19:33.575
219,376,52,Movies,11.93,successful,2021-02-08 08:22:28.306
220,415,78,Toys,40.87,successful,2021-02-18 03:01:28.151
221,463,58,Jewelery,19.91,successful,2021-03-08 07:13:59.247
222,208,45,Health,17.79,successful,2021-02-21 02:38:34.434
223,155,25,Jewelery,65.41,successful,2021-01-22 14:29:25.62
224,451,73,Grocery,59.74,successful,2021-03-13 00:50:51.242
225,248,97,Jewelery,74.4,successful,2021-03-09 01:57:18.651
226,530,26,Clothing,77.58,successful,2021-02-19 20:25:22.705
227,94,88,Kids,97.45,successful,2021-01-16 05:05:56.045
228,213,11,Jewelery,11.02,successful,2021-02-20 11:44:14.224
229,6,35,Beauty,56.06,successful,2021-03-09 04:40:52.514
230,176,48,Tools,4.58,successful,2021-03-17 16:37:14.297
231,318,6,Jewelery,91.11,successful,2021-01-30 10:39:53.338
232,236,89,Garden,43.9,successful,2021-03-20 19:44:15.678
233,273,31,Books,8.42,successful,2021-03-21 08:40:57.61
234,276,44,Automotive,73.56,successful,2021-03-21 13:09:10.488
235,285,27,Beauty,25.37,successful,2021-01-28 12:01:16.741
236,481,9,Beauty,40.98,successful,2021-02-22 14:46:33.563
237,544,82,Computers,13.33,successful,2021-02-15 10:36:18.487
238,100,49,Clothing,10.79,successful,2021-02-11 10:32:04.205
239,423,99,Music,86.14,successful,2021-03-01 07:27:53.354
240,263,38,Beauty,63.32,successful,2021-02-03 14:08:44.952
241,49,50,Sports,16.09,successful,2021-01-13 19:29:50.572
242,211,84,Electronics,98.86,successful,2021-01-27 00:56:07.936
243,355,21,Automotive,46.43,successful,2021-03-15 06:23:28.087
244,324,23,Health,72.34,successful,2021-02-05 09:32:04.638
245,71,23,Kids,9.47,successful,2021-02-01 18:26:07.183
246,401,54,Tools,57.93,successful,2021-03-01 15:44:40.086
247,537,16,Baby,24.81,successful,2021-02-13 14:00:58.154
248,104,41,Movies,14.55,successful,2021-01-15 04:42:09.191
249,52,66,Sports,35.31,successful,2021-02-15 04:20:37.89
250,462,71,Beauty,24.56,successful,2021-03-19 18:08:05.184
251,181,36,Toys,25.03,successful,2021-01-19 16:49:21.098
252,355,4,Movies,87.81,successful,2021-02-27 15:12:52.211
253,542,80,Industrial,21.12,successful,2021-03-18 06:33:02.117
254,389,84,Shoes,54.91,successful,2021-03-19 13:50:31.965
255,132,22,Health,8.2,successful,2021-03-15 16:13:33.031
256,446,55,Games,75.22,successful,2021-02-13 20:38:04.452
257,170,31,Movies,34.85,successful,2021-02-21 22:58:27.234
258,151,16,Home,48.8,successful,2021-02-05 04:30:19.226
259,141,6,Shoes,98.6,successful,2021-03-25 07:34:17.95
260,284,89,Outdoors,52.13,successful,2021-03-23 20:38:59.479
261,241,43,Home,71.19,successful,2021-02-06 17:12:28.447
262,203,72,Beauty,81.03,successful,2021-01-23 11:02:04.442
263,243,100,Toys,13.07,successful,2021-03-18 09:56:18.357
264,154,83,Beauty,14.64,successful,2021-03-24 05:35:15.295
265,64,56,Health,74.38,successful,2021-01-21 05:51:54.622
266,433,82,Movies,92.34,successful,2021-03-21 12:43:56.09
267,341,26,Kids,75.44,successful,2021-03-16 18:37:37.784
268,397,4,Beauty,73.42,successful,2021-03-05 19:15:11.708
269,252,46,Health,55.67,successful,2021-02-19 13:44:36.304
270,403,36,Tools,82.94,failed,2021-03-17 05:07:04.819
271,443,89,Grocery,3.22,successful,2021-02-10 04:03:53.112
272,517,11,Books,7.42,successful,2021-03-14 18:03:05.131
273,592,44,Automotive,96.8,successful,2021-03-19 04:44:03.711
274,346,57,Outdoors,80.56,successful,2021-01-27 15:06:58.628
275,193,47,Outdoors,99.15,successful,2021-01-20 09:02:17.626
276,253,77,Toys,2.9,successful,2021-02-25 00:59:31.152
277,15,93,Industrial,40.6,successful,2021-02-07 03:20:02.58
278,529,87,Garden,66.36,successful,2021-03-02 00:58:27.338
279,418,90,Books,28.94,successful,2021-02-26 16:05:16.672
280,207,29,Movies,3.13,successful,2021-03-05 04:51:49.674
281,525,8,Baby,49.6,successful,2021-03-15 01:40:38.271
282,285,21,Kids,85.05,successful,2021-01-27 13:50:51.772
283,599,36,Health,12.0,successful,2021-03-07 15:01:52.826
284,178,77,Movies,12.36,successful,2021-01-30 16:10:10.539
285,577,29,Kids,41.94,successful,2021-03-22 09:58:43.556
286,192,79,Movies,24.25,successful,2021-02-19 17:53:05.734
287,233,87,Beauty,95.67,successful,2021-03-12 10:44:17.632
288,562,75,Grocery,5.33,successful,2021-03-17 04:43:34.2
289,412,89,Electronics,13.2,successful,2021-03-02 02:37:56.321
290,52,85,Jewelery,95.84,successful,2021-02-01 14:46:20.577
291,110,42,Garden,72.31,successful,2021-01-31 16:17:35.121
292,322,74,Sports,87.36,successful,2021-02-17 01:53:43.06
293,278,96,Shoes,81.04,successful,2021-02-12 18:41:00.992
294,22,37,Electronics,33.57,successful,2021-01-18 12:48:33.993
295,314,7,Kids,67.02,successful,2021-03-13 07:50:31.788
296,178,7,Grocery,69.02,successful,2021-01-10 22:11:09.613
297,209,32,Shoes,80.81,successful,2021-03-13 07:38:33.555
298,409,82,Automotive,34.05,successful,2021-02-18 10:35:27.222
299,6,19,Games,7.62,failed,2021-03-16 14:25:30.354
300,508,35,Music,97.8,successful,2021-03-04 17:35:03.171
301,218,21,Kids,14.86,successful,2021-02-05 05:31:44.47
302,214,11,Grocery,6.08,successful,2021-03-09 09:42:56.851
303,453,66,Toys,2.51,successful,2021-03-17 16:27:13.061
304,575,61,Beauty,16.83,successful,2021-03-19 23:32:05.26
305,113,72,Grocery,57.42,successful,2021-03-20 02:54:05.39
306,495,23,Movies,71.03,successful,2021-03-02 05:51:00.667
307,246,45,Outdoors,63.34,successful,2021-02-20 23:58:57.43
308,56,79,Games,18.27,successful,2021-03-17 09:04:53.217
309,22,19,Beauty,38.83,successful,2021-02-23 12:24:13.425
310,27,87,Outdoors,5.49,successful,2021-02-07 22:26:33.237
311,248,46,Kids,18.74,successful,2021-03-25 00:26:37.977
312,143,58,Health,59.03,successful,2021-01-20 01:16:49.879
313,358,89,Industrial,33.66,successful,2021-02-24 03:24:14.668
314,157,63,Beauty,48.93,successful,2021-01-11 15:23:31.942
315,178,88,Clothing,84.71,successful,2021-01-14 18:22:56.189
316,492,10,Shoes,64.72,successful,2021-03-14 01:04:16.865
317,214,21,Toys,61.2,successful,2021-03-23 15:41:34.604
318,265,10,Tools,69.32,successful,2021-02-09 19:26:07.828
319,98,11,Home,11.38,successful,2021-01-19 20:53:34.476
320,263,13,Garden,6.67,successful,2021-02-08 18:59:59.237
321,364,34,Automotive,12.74,successful,2021-02-02 23:33:08.602
322,93,73,Clothing,84.73,successful,2021-01-03 11:16:25.55
323,378,48,Toys,88.03,successful,2021-03-10 03:23:28.82
324,328,56,Grocery,7.51,successful,2021-03-24 16:00:04.286
325,56,16,Outdoors,48.3,successful,2021-03-22 00:10:52.833
326,28,3,Games,51.96,successful,2021-02-10 23:18:35.091
327,293,55,Toys,25.23,successful,2021-02-04 10:44:26.281
328,234,13,Books,29.95,successful,2021-01-21 22:58:17.067
329,114,14,Home,45.14,successful,2021-02-14 02:24:29.598
330,165,56,Shoes,79.43,successful,2021-03-09 23:25:16.43
331,268,51,Kids,37.3,successful,2021-03-13 13:23:07.734
332,50,79,Books,80.56,successful,2021-01-16 13:51:44.359
333,216,78,Grocery,1.95,successful,2021-02-07 18:40:32.003
334,510,31,Movies,90.4,successful,2021-02-19 05:47:04.154
335,42,31,Grocery,67.97,successful,2020-12-31 06:13:14.272
336,146,64,Jewelery,64.26,failed,2021-02-05 07:00:52.555
337,466,69,Grocery,90.73,successful,2021-03-16 08:54:54.018
338,20,29,Toys,59.37,successful,2021-02-27 04:23:29.381
339,230,26,Games,19.28,successful,2021-01-23 01:57:57.692
340,241,49,Music,77.82,successful,2021-03-20 12:31:41.314
341,544,42,Tools,90.81,successful,2021-03-17 11:38:21.432
342,480,96,Outdoors,13.99,successful,2021-02-28 03:53:11.838
343,554,3,Health,88.31,successful,2021-03-07 10:51:15.497
344,210,21,Electronics,44.98,successful,2021-01-27 05:38:54.099
345,17,78,Home,68.9,successful,2021-02-03 12:37:43.627
346,246,32,Electronics,39.87,successful,2021-03-24 06:24:57.179
347,222,78,Tools,41.66,successful,2021-03-20 11:32:12.926
348,387,69,Grocery,21.63,successful,2021-03-21 01:36:07.114
349,264,100,Sports,36.52,successful,2021-03-17 13:54:01.09
350,304,48,Industrial,99.93,successful,2021-01-27 04:26:52.969
351,468,20,Home,20.71,successful,2021-03-10 13:21:42.043
352,185,25,Outdoors,68.44,successful,2021-02-11 06:17:51.281
353,82,91,Computers,17.55,successful,2021-01-23 17:28:14.32
354,139,87,Garden,28.16,successful,2021-02-03 09:29:42.215
355,472,68,Beauty,59.03,successful,2021-03-21 09:55:07.053
356,372,51,Movies,11.1,successful,2021-03-16 19:41:15.846
357,501,43,Toys,75.68,successful,2021-02-18 02:30:07.512
358,338,50,Tools,88.29,successful,2021-03-10 09:44:23.86
359,539,79,Outdoors,25.19,successful,2021-02-16 09:07:26.819
360,485,57,Garden,35.21,successful,2021-03-22 08:44:02.903
361,440,76,Jewelery,81.72,successful,2021-03-07 15:31:47.107
362,340,9,Clothing,84.92,failed,2021-01-29 13:03:12.131
363,83,62,Tools,38.44,successful,2021-02-27 09:17:03.63
364,563,86,Jewelery,13.78,successful,2021-02-18 02:15:06.463
365,392,62,Tools,77.82,successful,2021-02-07 15:21:31.084
366,103,62,Industrial,86.53,successful,2021-01-10 19:11:11.393
367,196,58,Beauty,82.7,successful,2021-01-27 13:54:23.16
368,321,87,Industrial,52.94,successful,2021-01-30 00:57:28.728
369,238,70,Books,68.74,successful,2021-01-25 09:15:29.698
370,9,47,Kids,48.77,successful,2021-01-28 04:58:10.94
371,209,3,Music,13.5,successful,2021-01-23 19:25:18.419
372,79,38,Sports,90.94,successful,2021-02-13 04:20:57.818
373,269,61,Automotive,61.13,successful,2021-03-21 16:20:57.435
374,404,93,Automotive,58.58,successful,2021-02-24 11:21:39.239
375,588,80,Industrial,6.0,successful,2021-03-22 16:23:37.155
376,516,94,Garden,52.04,successful,2021-02-13 15:18:03.247
377,540,33,Industrial,8.13,successful,2021-03-04 07:31:07.642
378,449,1,Electronics,23.17,successful,2021-03-05 06:18:21.174
379,113,31,Computers,48.8,successful,2021-03-09 11:12:46.261
380,335,84,Computers,69.22,successful,2021-02-02 16:54:15.751
381,426,6,Toys,74.43,successful,2021-03-07 15:00:29.805
382,199,1,Jewelery,14.15,successful,2021-01-15 06:26:21.221
383,282,44,Health,53.23,successful,2021-02-16 23:48:19.775
384,281,7,Movies,93.04,successful,2021-03-14 06:59:18.539
385,307,74,Garden,22.81,successful,2021-01-27 17:30:36.648
386,425,34,Baby,55.72,successful,2021-02-28 23:48:52.032
387,54,14,Sports,33.61,successful,2021-01-07 04:14:06.01
388,345,67,Sports,8.3,failed,2021-02-21 09:48:53.477
389,134,9,Kids,48.56,successful,2021-02-01 09:10:43.485
390,261,100,Beauty,97.8,successful,2021-01-19 00:27:24.792
391,377,31,Computers,14.85,successful,2021-02-16 03:12:02.6
392,182,65,Industrial,68.14,successful,2021-01-11 20:42:19.696
393,272,88,Games,41.17,successful,2021-02-15 10:48:22.128
394,578,75,Toys,66.11,successful,2021-02-25 00:41:02.557
395,422,51,Beauty,74.78,successful,2021-02-12 20:03:31.52
396,2,58,Kids,82.85,successful,2021-01-25 19:04:05.084
397,241,5,Industrial,12.72,successful,2021-03-20 11:54:33.081
398,417,44,Computers,48.68,failed,2021-03-04 00:20:53.604
399,308,42,Beauty,99.65,successful,2021-03-12 16:27:45.812
400,26,81,Kids,38.52,successful,2021-01-06 00:35:14.008
401,405,39,Computers,37.83,successful,2021-02-13 00:17:00.494
402,565,91,Jewelery,15.73,successful,2021-02-15 00:13:27.327
403,339,49,Books,93.62,successful,2021-03-24 13:02:32.192
404,547,32,Shoes,43.69,failed,2021-03-21 04:54:25.967
405,42,53,Books,85.0,successful,2021-03-09 18:03:24.479
406,80,50,Electronics,16.99,successful,2021-03-24 05:28:38.719
407,109,13,Electronics,99.67,successful,2021-01-06 19:20:19.459
408,78,24,Games,44.06,successful,2021-02-20 11:20:02.563
409,56,71,Music,89.82,successful,2021-02-14 20:38:33.328
410,534,25,Clothing,12.63,successful,2021-03-09 14:31:16.175
411,262,2,Beauty,34.73,failed,2021-03-25 13:04:45.745
412,495,44,Industrial,13.05,successful,2021-03-04 19:32:39.116
413,437,99,Games,20.01,successful,2021-03-09 21:42:11.564
414,589,63,Industrial,81.56,successful,2021-03-06 09:40:53.738
415,135,45,Books,30.37,successful,2021-02-04 19:22:16.891
416,133,59,Toys,47.36,successful,2021-01-19 12:07:17.63
417,594,79,Music,84.91,failed,2021-02-26 22:16:04.961
418,573,73,Automotive,92.09,successful,2021-03-10 09:14:42.09
419,299,46,Sports,42.07,failed,2021-03-16 15:35:05.488
420,547,32,Beauty,14.99,successful,2021-02-22 14:41:51.387
421,117,61,Music,54.5,successful,2021-01-11 11:23:56.913
422,357,77,Kids,55.64,successful,2021-03-20 15:45:56.215
423,109,64,Books,59.46,successful,2021-02-04 18:31:41.121
424,396,16,Sports,82.06,successful,2021-03-20 20:02:27.69
425,266,99,Industrial,93.65,successful,2021-02-15 06:30:25.578
426,346,87,Outdoors,3.19,successful,2021-03-08 01:34:10.873
427,246,15,Beauty,92.11,successful,2021-03-21 09:24:40.044
428,178,63,Beauty,27.77,successful,2021-03-11 03:27:15.774
429,246,45,Sports,87.13,successful,2021-03-02 04:34:37.55
430,465,36,Movies,10.53,successful,2021-02-11 19:33:56.79
431,291,55,Jewelery,8.1,successful,2021-03-21 08:29:31.943
432,565,54,Tools,78.12,successful,2021-02-16 14:12:54.136
433,19,80,Garden,92.0,successful,2021-03-03 21:31:11.264
434,410,21,Music,98.4,successful,2021-02-16 08:38:06.08
435,429,94,Sports,3.91,successful,2021-03-25 11:31:47.996
436,535,70,Movies,61.63,successful,2021-03-15 08:33:02.45
437,291,47,Garden,57.51,successful,2021-03-02 17:27:41.461
438,98,68,Toys,18.91,failed,2021-02-14 22:47:29.396
439,45,59,Health,13.43,successful,2021-03-13 22:42:25.33
440,556,52,Games,70.6,successful,2021-03-23 16:22:37.413
441,485,72,Music,33.2,successful,2021-02-28 06:09:36.859
442,49,28,Health,39.91,successful,2021-01-06 11:13:20.427
443,437,81,Computers,93.46,successful,2021-02-26 07:03:57.787
444,111,81,Home,9.12,successful,2021-03-22 18:35:15.903
445,534,27,Music,99.43,successful,2021-02-15 23:30:33.456
446,175,28,Baby,84.13,successful,2021-01-29 03:39:20.957
447,14,81,Tools,30.9,successful,2021-01-06 03:48:28.691
448,519,31,Industrial,22.18,successful,2021-03-02 15:53:29.474
449,546,29,Outdoors,19.69,successful,2021-02-17 21:28:34.306
450,290,71,Clothing,19.68,successful,2021-02-17 09:20:38.305
451,533,67,Electronics,20.04,successful,2021-03-16 10:29:28.697
452,158,96,Garden,94.55,successful,2021-03-16 07:04:53.074
453,441,67,Computers,10.59,successful,2021-03-02 09:27:43.533
454,100,92,Sports,5.6,successful,2021-03-19 07:41:59.524
455,526,66,Movies,68.62,successful,2021-02-27 22:04:07.86
456,520,53,Tools,95.49,successful,2021-02-25 18:30:45.06
457,293,33,Tools,32.18,successful,2021-02-20 18:49:59.248
458,17,52,Shoes,21.87,successful,2021-02-16 21:17:44.259
459,151,86,Computers,86.25,successful,2021-03-24 06:11:36.95
460,263,89,Baby,42.12,successful,2021-03-17 07:33:31.84
461,68,93,Grocery,59.24,successful,2021-02-19 10:00:52.692
462,269,11,Books,39.83,successful,2021-03-12 00:30:55.521
463,395,7,Shoes,31.42,successful,2021-02-24 09:27:53.891
464,584,89,Jewelery,25.64,successful,2021-02-23 14:59:27.898
465,88,35,Computers,32.9,successful,2021-02-16 17:09:29.591
466,143,19,Shoes,89.3,successful,2021-02-19 02:33:16.131
467,60,25,Health,19.25,successful,2021-01-19 08:38:58.368
468,19,17,Books,61.17,successful,2021-03-03 10:04:46.289
469,185,29,Movies,63.41,successful,2021-03-14 23:44:37.673
470,134,77,Kids,65.2,successful,2021-03-13 20:10:46.736
471,324,28,Beauty,24.26,failed,2021-01-30 10:41:29.626
472,514,71,Games,54.08,successful,2021-03-23 17:39:06.472
473,109,36,Jewelery,66.31,successful,2021-01-10 15:43:59.459
474,3,35,Outdoors,81.63,successful,2021-02-20 07:47:02.341
475,78,21,Clothing,96.4,successful,2021-02-20 15:04:49.035
476,142,97,Baby,95.44,successful,2021-03-04 16:59:38.445
477,331,49,Games,74.38,successful,2021-03-02 05:09:09.484
478,397,34,Industrial,13.16,successful,2021-02-06 01:28:31.541
479,89,98,Tools,63.48,successful,2021-03-11 05:42:46.904
480,517,94,Clothing,22.3,successful,2021-02-17 05:34:36.939
481,94,50,Toys,29.54,successful,2021-02-10 10:32:09.859
482,209,24,Outdoors,44.4,successful,2021-03-10 23:06:07.959
483,418,35,Garden,83.18,successful,2021-02-06 12:51:49.866
484,267,40,Jewelery,36.97,successful,2021-01-24 02:46:32.502
485,70,87,Jewelery,36.27,successful,2021-02-06 07:39:33.874
486,243,16,Outdoors,45.96,successful,2021-03-05 09:55:40.078
487,362,48,Shoes,80.91,successful,2021-01-27 12:05:43.084
488,98,60,Jewelery,59.2,successful,2021-01-22 13:47:13.791
489,363,58,Beauty,37.95,successful,2021-03-07 05:22:49.665
490,516,80,Industrial,48.4,successful,2021-02-19 01:40:36.151
491,46,86,Tools,7.89,successful,2021-01-15 22:22:04.418
492,163,65,Health,43.47,successful,2021-01-20 00:16:52.971
493,599,72,Automotive,21.89,successful,2021-03-21 19:53:20.651
494,384,58,Shoes,51.41,successful,2021-02-11 06:06:23.247
495,320,51,Baby,51.67,successful,2021-02-18 07:27:31.185
496,327,34,Computers,46.7,successful,2021-02-03 23:42:43.76
497,316,76,Electronics,35.35,successful,2021-02-21 00:37:49.924
498,157,59,Garden,80.41,successful,2021-01-26 06:15:58.612
499,429,32,Games,58.1,successful,2021-03-19 10:35:55.866
500,352,91,Games,1.73,failed,2021-03-15 17:56:35.297
501,16,73,Clothing,35.96,successful,2020-12-31 02:19:21.68
502,334,38,Shoes,47.13,successful,2021-02-14 08:41:51.654
503,221,75,Tools,23.77,successful,2021-03-05 21:20:55.383
504,498,74,Grocery,15.04,successful,2021-02-17 21:06:22.64
505,204,4,Beauty,75.12,successful,2021-03-09 14:28:16.709
506,63,20,Jewelery,36.51,successful,2021-02-21 18:02:48.997
507,499,22,Shoes,36.06,successful,2021-03-18 08:06:50.746
508,375,93,Jewelery,76.78,successful,2021-01-29 23:03:37.877
509,201,61,Sports,95.45,successful,2021-03-08 16:05:43.756
510,531,91,Games,72.42,successful,2021-02-15 11:16:11.095
511,257,11,Movies,87.61,successful,2021-02-25 01:05:20.366
512,120,44,Music,15.23,successful,2021-03-07 09:30:40.441
513,566,25,Automotive,67.76,successful,2021-02-17 18:41:46.242
514,453,79,Books,47.41,successful,2021-02-20 15:20:47.223
515,455,39,Computers,77.05,successful,2021-02-21 19:40:14.961
516,95,7,Toys,38.59,successful,2021-03-23 12:18:04.033
517,305,100,Sports,10.81,successful,2021-01-28 21:32:50.283
518,387,43,Grocery,55.22,successful,2021-03-03 04:10:04.365
519,549,76,Automotive,78.24,successful,2021-02-27 07:10:53.349
520,350,25,Tools,93.38,successful,2021-02-26 04:25:44.731
521,583,3,Electronics,91.36,successful,2021-03-23 19:31:04.986
522,495,41,Clothing,55.72,successful,2021-02-25 04:30:26.014
523,362,44,Kids,13.0,successful,2021-03-09 23:36:04.102
524,387,34,Books,19.45,successful,2021-02-19 09:59:01.337
525,74,87,Toys,84.52,successful,2021-03-19 19:57:27.372
526,95,74,Movies,31.77,successful,2021-03-06 18:35:30.619
527,276,71,Jewelery,86.43,successful,2021-02-12 10:31:26.273
528,208,73,Outdoors,89.78,successful,2021-02-15 15:04:55.272
529,73,64,Music,59.41,successful,2021-03-06 20:33:02.839
530,533,50,Movies,10.85,successful,2021-02-13 02:15:05.333
531,334,72,Baby,98.91,successful,2021-02-18 10:36:53.281
532,20,49,Movies,7.66,successful,2021-03-12 14:26:22.344
533,131,6,Shoes,3.36,successful,2021-02-22 15:51:54.612
534,182,1,Baby,56.76,successful,2021-01-30 14:49:38.753
535,376,66,Sports,73.67,successful,2021-03-24 21:16:34.398
536,522,72,Books,2.35,successful,2021-03-13 21:40:42.422
537,277,35,Clothing,36.54,successful,2021-03-20 23:46:10.831
538,321,98,Jewelery,26.44,successful,2021-02-26 12:33:00.993
539,337,1,Outdoors,45.65,successful,2021-01-27 04:55:13.555
540,353,44,Electronics,51.16,successful,2021-03-12 22:23:01.963
541,209,7,Kids,9.59,failed,2021-03-09 20:44:00.032
542,257,49,Shoes,59.63,successful,2021-03-21 10:42:35.939
543,151,7,Books,63.54,successful,2021-02-20 09:26:27.497
544,275,93,Industrial,97.18,successful,2021-03-19 20:27:01.78
545,244,28,Games,95.25,successful,2021-02-19 07:37:09.616
546,491,76,Movies,84.38,successful,2021-03-08 21:30:34.285
547,277,33,Sports,15.47,successful,2021-02-27 00:58:56.544
548,474,24,Movies,99.61,successful,2021-02-27 03:03:36.827
549,475,85,Tools,22.28,successful,2021-03-16 23:02:52.901
550,359,57,Games,75.81,successful,2021-03-06 21:54:05.379
551,335,37,Health,10.76,successful,2021-03-17 02:18:50.8
552,139,44,Health,53.12,successful,2021-03-04 23:50:47.147
553,284,8,Toys,92.46,successful,2021-02-13 02:18:39.302
554,399,86,Tools,42.12,successful,2021-03-19 22:43:54.54
555,236,95,Automotive,12.31,successful,2021-02-15 21:37:45.975
556,352,5,Kids,7.63,successful,2021-02-05 10:34:05.719
557,13,31,Automotive,39.01,successful,2021-03-02 22:42:48.054
558,345,57,Home,99.36,successful,2021-02-01 17:18:21.631
559,231,90,Movies,78.94,successful,2021-01-31 17:34:07.16
560,160,3,Home,69.39,failed,2021-02-08 12:09:28.667
561,266,21,Sports,51.43,successful,2021-03-23 06:03:25.107
562,384,12,Home,91.55,successful,2021-02-26 02:31:05.663
563,297,84,Music,63.05,successful,2021-02-25 04:01:04.204
564,504,39,Sports,96.04,successful,2021-02-18 20:29:57.166
565,282,11,Outdoors,6.88,successful,2021-03-21 05:39:01.533
566,186,48,Tools,46.5,successful,2021-02-06 20:32:20.099
567,315,97,Movies,30.14,successful,2021-02-21 11:22:22.763
568,437,83,Beauty,27.69,successful,2021-02-14 22:04:08.348
569,324,2,Tools,37.15,successful,2021-02-08 17:36:20.402
570,184,72,Health,63.29,successful,2021-01-26 03:02:38.399
571,175,68,Health,4.12,successful,2021-02-26 04:48:05.447
572,557,76,Home,1.44,successful,2021-03-07 02:50:10.433
573,458,40,Books,14.21,successful,2021-03-15 07:24:10.037
574,363,54,Sports,2.56,successful,2021-03-20 06:19:45.953
575,514,29,Books,70.88,successful,2021-03-07 02:19:21.757
576,482,60,Jewelery,68.69,successful,2021-02-26 07:48:04.214
577,165,35,Outdoors,34.98,successful,2021-03-23 03:06:58.377
578,184,15,Shoes,4.31,successful,2021-03-13 05:05:29.395
579,445,55,Baby,49.61,successful,2021-02-28 02:11:48.967
580,116,55,Music,4.39,successful,2021-03-12 20:52:21.62
581,19,98,Beauty,15.65,successful,2021-03-06 18:49:02.458
582,177,4,Automotive,38.98,successful,2021-02-04 02:31:26.706
583,175,72,Jewelery,7.18,successful,2021-01-26 18:56:27.487
584,547,5,Electronics,61.95,successful,2021-02-28 13:28:26.592
585,157,98,Clothing,6.89,successful,2021-02-27 20:28:55.791
586,474,48,Toys,69.01,successful,2021-02-09 04:34:26.276
587,586,95,Beauty,95.31,successful,2021-03-11 23:49:41.914
588,205,32,Automotive,72.77,successful,2021-02-11 14:43:25.529
589,361,99,Electronics,86.62,successful,2021-02-13 18:59:14.855
590,390,6,Industrial,81.48,successful,2021-03-13 17:09:52.846
591,198,5,Shoes,90.57,failed,2021-02-28 02:42:36.788
592,322,44,Health,30.84,successful,2021-03-04 14:07:15.15
593,565,6,Outdoors,86.19,successful,2021-03-01 03:16:53.138
594,422,2,Books,90.04,successful,2021-02-22 22:08:08.431
595,20,28,Automotive,82.54,successful,2021-03-10 06:09:04.836
596,265,29,Tools,97.66,successful,2021-01-19 12:11:15.905
597,267,65,Games,32.18,successful,2021-03-06 22:14:03.413
598,305,91,Electronics,6.14,successful,2021-03-21 12:18:08.932
599,583,17,Movies,18.82,successful,2021-03-04 15:17:08.231
600,527,11,Outdoors,24.58,successful,2021-03-11 16:10:27.439
601,307,99,Tools,19.43,successful,2021-02-20 07:52:20.872
602,150,90,Beauty,98.89,successful,2021-03-07 01:33:35.52
603,309,52,Computers,10.71,successful,2021-02-24 06:50:38.814
604,15,89,Kids,3.72,successful,2021-02-15 23:27:37.308
605,328,65,Industrial,14.17,successful,2021-02-27 05:03:19.846
606,527,11,Clothing,69.29,successful,2021-03-11 08:21:04.174
607,541,18,Garden,23.96,successful,2021-02-24 03:06:11.384
608,302,84,Industrial,15.46,successful,2021-02-04 00:06:32.421
609,303,56,Beauty,89.18,successful,2021-02-06 04:59:32.244
610,296,100,Computers,57.8,successful,2021-03-18 12:33:40.347
611,276,71,Beauty,24.12,successful,2021-03-17 05:08:49.815
612,166,13,Shoes,39.0,successful,2021-03-11 07:40:55.888
613,146,73,Toys,50.73,successful,2021-02-02 21:48:05.94
614,63,89,Jewelery,55.26,successful,2021-02-01 08:04:44.24
615,23,27,Baby,98.94,successful,2021-01-22 17:13:23.122
616,370,81,Computers,36.44,successful,2021-03-02 17:52:51.425
617,500,12,Shoes,13.44,successful,2021-03-14 06:55:01.59
618,515,28,Automotive,85.87,successful,2021-02-15 06:57:05.214
619,48,87,Garden,89.65,successful,2021-01-31 22:16:03.123
620,344,79,Tools,8.57,successful,2021-03-17 11:26:09.743
621,273,82,Outdoors,36.39,successful,2021-01-21 23:37:21.829
622,50,55,Baby,93.59,successful,2021-03-05 00:51:34.262
623,575,18,Baby,3.39,successful,2021-02-22 04:10:56.566
624,554,60,Tools,52.37,successful,2021-03-20 01:41:51.041
625,3,61,Computers,60.87,failed,2021-03-19 16:05:00.088
626,488,56,Toys,55.82,successful,2021-03-07 14:35:59.247
627,451,10,Garden,5.55,successful,2021-03-02 22:23:26.771
628,102,84,Garden,10.88,successful,2021-03-17 10:52:40.041
629,323,68,Beauty,98.6,successful,2021-02-08 18:58:40.668
630,364,91,Sports,19.74,successful,2021-03-14 16:10:03.617
631,320,7,Automotive,66.86,successful,2021-02-28 14:59:30.865
632,462,68,Movies,9.71,successful,2021-02-12 07:37:44.819
633,386,41,Sports,50.3,successful,2021-03-06 23:58:19.464
634,494,66,Games,96.46,successful,2021-03-07 02:21:26.54
635,495,85,Books,61.01,successful,2021-03-19 23:12:53.487
636,382,87,Grocery,19.15,successful,2021-03-24 11:43:03.763
637,243,27,Home,30.06,successful,2021-02-11 12:09:23.25
638,370,3,Movies,36.24,successful,2021-03-06 11:48:30.86
639,191,44,Kids,7.05,successful,2021-01-17 17:23:10.576
640,207,1,Electronics,30.07,failed,2021-03-08 16:48:48.101
641,424,21,Shoes,7.7,successful,2021-03-23 02:19:10.715
642,593,68,Garden,20.56,successful,2021-03-01 22:08:08.311
643,352,25,Books,8.43,successful,2021-02-12 18:50:59.064
644,574,78,Health,50.17,successful,2021-03-20 22:10:17.972
645,384,52,Garden,23.71,successful,2021-03-22 01:41:08.764
646,46,72,Books,93.07,successful,2021-01-06 10:31:22.863
647,333,40,Tools,68.79,successful,2021-03-17 06:23:37.805
648,327,46,Home,27.55,successful,2021-01-26 21:55:16.86
649,146,27,Tools,21.4,successful,2021-01-10 18:17:43.607
650,426,52,Outdoors,68.03,successful,2021-03-16 15:17:22.776
651,515,23,Music,16.71,successful,2021-03-06 10:52:46.856
652,503,20,Games,95.06,successful,2021-03-02 05:43:47.949
653,236,54,Tools,42.74,successful,2021-02-13 04:00:35.129
654,180,5,Shoes,51.3,successful,2021-03-15 23:08:00.624
655,464,14,Jewelery,77.41,successful,2021-03-22 22:23:04.347
656,370,81,Jewelery,6.18,successful,2021-03-03 15:51:41.829
657,424,41,Industrial,85.17,successful,2021-03-02 10:03:57.362
658,360,49,Shoes,81.6,successful,2021-02-17 19:51:45.326
659,223,36,Jewelery,25.71,successful,2021-03-17 03:51:22.368
660,589,20,Tools,41.71,successful,2021-03-05 20:24:39.199
661,561,32,Beauty,51.28,successful,2021-02-21 00:13:05.427
662,62,85,Electronics,47.6,successful,2021-01-08 12:03:45.216
663,405,81,Beauty,20.8,successful,2021-02-19 05:30:07.477
664,24,18,Health,6.06,successful,2021-01-25 10:31:22.665
665,479,74,Shoes,6.24,successful,2021-03-24 02:21:00.86
666,241,51,Health,18.01,successful,2021-03-19 05:58:51.02
667,216,91,Music,54.8,successful,2021-01-18 17:21:59.369
668,326,59,Clothing,37.01,successful,2021-02-17 19:18:55.889
669,53,79,Outdoors,88.23,successful,2021-01-31 09:34:37.688
670,209,38,Home,85.87,successful,2021-02-20 06:27:51.506
671,254,80,Beauty,92.07,successful,2021-02-12 01:19:36.27
672,436,19,Games,7.69,successful,2021-03-25 07:26:18.717
673,229,27,Computers,54.54,successful,2021-03-05 06:23:47.639
674,270,7,Grocery,75.15,successful,2021-03-18 08:14:35.969
675,85,8,Sports,59.21,successful,2021-02-11 04:52:35.661
676,592,95,Beauty,2.04,successful,2021-03-07 20:48:49.951
677,318,94,Shoes,3.98,successful,2021-02-07 14:19:45.974
678,365,60,Computers,7.73,successful,2021-03-15 10:10:55.596
679,31,61,Sports,57.87,successful,2021-02-14 19:04:31.407
680,509,91,Outdoors,48.4,successful,2021-02-15 08:23:42.697
681,544,18,Garden,79.42,successful,2021-02-18 22:55:33.809
682,598,36,Music,29.64,successful,2021-02-22 12:08:09.02
683,531,91,Health,8.7,successful,2021-02-21 15:50:36.429
684,371,93,Movies,72.66,successful,2021-02-05 04:00:28.045
685,37,35,Baby,16.08,successful,2021-01-04 08:14:28.815
686,379,15,Shoes,98.44,successful,2021-03-01 19:02:28.244
687,168,94,Computers,24.04,successful,2021-03-20 07:29:27.787
688,172,53,Music,30.87,successful,2021-03-23 08:07:04.77
689,231,33,Automotive,18.22,successful,2021-01-18 15:32:39.344
690,495,40,Automotive,14.84,successful,2021-03-24 01:59:29.533
691,104,87,Clothing,32.7,successful,2021-02-03 17:20:14.787
692,580,37,Music,40.91,successful,2021-03-14 17:52:27.979
693,278,42,Garden,99.88,successful,2021-03-14 21:03:51.944
694,336,98,Beauty,38.63,successful,2021-02-25 19:42:42.661
695,235,1,Tools,89.03,successful,2021-03-03 11:06:32.336
696,285,56,Automotive,33.26,successful,2021-02-24 14:49:31.824
697,102,70,Tools,50.27,successful,2021-03-08 14:50:34.534
698,296,8,Outdoors,34.02,successful,2021-01-30 02:00:24.565
699,435,77,Jewelery,4.31,successful,2021-03-10 10:40:35.489
700,307,45,Shoes,29.86,successful,2021-03-22 07:30:52.336
701,389,44,Automotive,51.07,successful,2021-02-17 21:58:31.645
702,287,48,Baby,65.02,successful,2021-03-05 23:08:09.508
703,483,52,Automotive,22.7,successful,2021-03-04 04:32:30.064
704,138,70,Movies,57.27,successful,2021-03-18 16:24:02.163
705,112,95,Tools,97.5,successful,2021-01-22 18:13:37.173
706,517,76,Industrial,87.86,successful,2021-03-23 08:28:54.715
707,513,87,Books,3.89,successful,2021-02-10 22:47:48.202
708,418,42,Computers,53.53,successful,2021-03-07 18:53:29.948
709,174,48,Automotive,34.77,successful,2021-02-15 22:19:26.555
710,105,11,Computers,33.62,successful,2021-02-18 09:26:54.435
711,9,77,Clothing,40.55,successful,2021-01-24 20:03:10.295
712,531,32,Health,96.45,successful,2021-02-13 16:10:38.337
713,311,35,Sports,51.62,successful,2021-02-04 02:05:31.621
714,2,90,Clothing,68.38,successful,2021-01-22 09:47:51.131
715,575,3,Toys,82.29,successful,2021-03-02 18:37:01.563
716,199,65,Kids,43.74,successful,2021-02-05 09:21:52.643
717,108,40,Health,88.07,successful,2021-02-16 02:42:05.023
718,60,46,Kids,50.67,successful,2021-01-03 10:20:01.606
719,307,74,Automotive,3.36,successful,2021-02-01 08:45:36.378
720,103,33,Automotive,32.08,successful,2021-01-06 23:46:31.101
721,591,64,Shoes,33.15,successful,2021-03-16 11:17:38.945
722,497,62,Tools,77.87,successful,2021-02-18 20:48:35.493
723,242,34,Clothing,89.19,successful,2021-03-18 14:38:41.388
724,12,95,Tools,46.37,successful,2021-03-20 12:56:43.03
725,528,37,Health,7.84,successful,2021-02-24 14:32:45.854
726,326,52,Home,87.84,successful,2021-01-24 00:51:12.198
727,224,7,Shoes,46.71,failed,2021-03-08 22:27:23.907
728,201,52,Automotive,33.16,successful,2021-03-23 02:55:12.433
729,536,34,Clothing,78.9,successful,2021-02-17 05:16:32.643
730,468,12,Outdoors,16.53,successful,2021-02-25 21:46:40.702
731,74,91,Movies,13.4,successful,2021-02-01 22:37:54.835
732,82,85,Shoes,23.99,successful,2021-01-19 22:36:03.738
733,23,65,Clothing,79.62,successful,2021-03-17 07:17:03.571
734,79,59,Electronics,58.25,successful,2021-01-29 17:51:21.914
735,432,90,Toys,49.22,successful,2021-02-18 17:20:43.904
736,481,70,Automotive,17.03,successful,2021-02-22 11:57:26.146
737,253,86,Movies,43.12,successful,2021-01-28 23:43:55.204
738,134,23,Jewelery,41.23,successful,2021-03-02 05:35:17.476
739,277,25,Clothing,99.25,successful,2021-02-22 01:20:11.133
740,593,61,Kids,90.17,successful,2021-02-28 05:17:12.622
741,279,12,Movies,26.38,successful,2021-02-25 00:30:24.042
742,211,95,Computers,88.0,successful,2021-01-15 02:21:37.129
743,462,10,Movies,40.45,successful,2021-03-22 19:34:00.168
744,490,97,Movies,37.46,successful,2021-02-28 04:06:53.756
745,462,58,Music,85.63,successful,2021-03-13 10:31:19.096
746,366,53,Garden,72.25,successful,2021-02-09 13:14:27.027
747,517,70,Computers,71.38,successful,2021-02-28 13:52:17.716
748,335,5,Baby,80.9,successful,2021-03-09 20:15:04.843
749,259,16,Electronics,3.26,successful,2021-01-22 21:01:35.446
750,334,11,Tools,85.54,failed,2021-03-19 06:02:35.303
751,182,94,Games,21.54,successful,2021-03-20 15:09:59.094
752,493,7,Shoes,5.68,successful,2021-03-15 21:51:11.307
753,189,70,Movies,60.67,successful,2021-02-20 19:45:09.662
754,356,53,Sports,3.96,successful,2021-02-15 09:56:51.587
755,120,95,Health,7.39,successful,2021-02-10 23:01:14.7
756,433,93,Clothing,96.74,successful,2021-02-12 04:55:05.553
757,189,79,Beauty,59.68,successful,2021-02-01 00:55:43.579
758,132,88,Shoes,53.13,successful,2021-01-24 08:28:00.145
759,119,68,Computers,96.19,successful,2021-03-18 15:33:11.508
760,310,44,Shoes,96.14,successful,2021-01-23 01:27:32.596
761,485,42,Grocery,62.72,successful,2021-03-14 09:59:18.851
762,329,27,Tools,70.25,successful,2021-03-17 02:04:26.82
763,226,56,Beauty,69.04,successful,2021-03-19 04:52:37.239
764,162,60,Tools,75.59,successful,2021-01-25 18:16:37.006
765,157,70,Garden,49.25,successful,2021-03-13 20:56:05.386
766,385,64,Shoes,71.68,successful,2021-02-11 03:24:34.374
767,54,79,Baby,36.31,successful,2021-03-06 07:40:06.58
768,403,84,Baby,51.15,successful,2021-02-04 11:10:52.489
769,227,89,Automotive,52.58,successful,2021-03-20 02:23:55.316
770,448,82,Industrial,45.13,successful,2021-03-05 12:38:24.922
771,426,60,Jewelery,88.87,successful,2021-03-13 19:37:12.755
772,248,92,Industrial,97.09,successful,2021-03-24 05:09:01.778
773,581,16,Baby,85.14,successful,2021-02-26 17:14:41.691
774,107,23,Movies,46.1,successful,2021-02-08 12:11:19.234
775,357,87,Health,12.1,successful,2021-03-08 08:11:37.775
776,136,8,Electronics,46.38,successful,2021-03-16 02:04:36.444
777,46,15,Sports,59.01,successful,2021-02-26 18:40:36.799
778,497,9,Games,83.05,successful,2021-03-17 16:48:46.744
779,201,79,Clothing,25.79,successful,2021-03-07 12:50:41.44
780,65,51,Games,66.2,successful,2021-02-05 06:19:10.095
781,396,52,Outdoors,94.41,successful,2021-03-07 09:29:30.87
782,135,3,Outdoors,71.74,successful,2021-03-13 02:28:01.857
783,50,42,Toys,31.51,successful,2021-01-22 23:20:24.227
784,39,98,Kids,84.56,failed,2021-01-26 11:03:19.991
785,397,3,Electronics,36.75,successful,2021-03-13 15:31:30.733
786,23,7,Computers,21.45,successful,2021-01-17 13:33:16.76
787,105,60,Movies,58.21,successful,2021-03-04 15:48:00.178
788,455,61,Movies,4.97,successful,2021-03-11 04:14:40.197
789,295,75,Kids,28.52,successful,2021-03-23 02:29:06.319
790,324,65,Computers,5.22,successful,2021-03-02 08:13:28.096
791,42,89,Clothing,62.95,successful,2021-01-09 04:18:01.579
792,423,2,Health,92.58,successful,2021-03-10 14:01:16.331
793,595,26,Garden,14.43,successful,2021-02-22 07:17:57.427
794,50,53,Health,46.14,successful,2021-02-02 10:02:16.088
795,73,54,Jewelery,97.85,failed,2021-02-16 09:11:05.315
796,303,33,Books,35.42,successful,2021-03-22 20:59:19.59
797,124,21,Kids,34.98,successful,2021-03-18 13:43:14.683
798,430,27,Toys,62.4,successful,2021-02-24 01:09:33.67
799,535,1,Sports,35.12,successful,2021-03-22 04:07:58.37
800,473,72,Health,42.01,successful,2021-03-22 06:11:08.271
801,13,44,Toys,27.34,successful,2021-03-17 17:17:16.806
802,111,45,Electronics,41.43,successful,2021-03-24 19:34:58.696
803,539,7,Movies,66.75,successful,2021-02-17 00:37:46.721
804,139,65,Computers,95.18,successful,2021-01-25 16:09:26.246
805,506,33,Movies,75.87,successful,2021-02-20 08:08:59.165
806,445,26,Games,84.37,successful,2021-02-09 13:36:39.214
807,377,36,Computers,93.59,successful,2021-01-28 15:52:13.726
808,13,31,Baby,96.53,successful,2021-02-05 22:31:22.296
809,450,21,Home,20.54,successful,2021-02-06 09:28:49.854
810,45,56,Games,1.46,successful,2021-01-17 14:44:09.625
811,194,41,Industrial,78.31,successful,2021-02-01 19:52:25.072
812,334,23,Toys,42.73,successful,2021-02-21 12:20:32.287
813,555,3,Automotive,25.52,successful,2021-02-23 22:40:19.779
814,488,66,Tools,31.26,successful,2021-03-12 09:09:41.863
815,533,39,Computers,91.05,successful,2021-02-28 04:31:31.404
816,81,7,Industrial,16.66,successful,2021-01-05 11:08:49.846
817,479,84,Tools,60.44,successful,2021-03-05 20:16:41.884
818,492,68,Home,5.84,successful,2021-02-25 05:50:28.387
819,74,21,Grocery,27.85,successful,2021-02-23 15:05:13.248
820,369,80,Beauty,20.04,failed,2021-03-01 13:38:13.702
821,594,25,Health,26.21,successful,2021-03-23 03:50:19.966
822,84,76,Home,17.45,successful,2021-02-26 17:14:39.238
823,374,56,Music,53.51,successful,2021-02-23 00:15:46.877
824,85,79,Clothing,51.64,successful,2021-01-11 14:59:45.323
825,307,94,Outdoors,36.6,successful,2021-01-30 13:46:00.223
826,508,74,Tools,30.5,successful,2021-02-27 22:39:03.917
827,161,92,Clothing,60.24,successful,2021-01-09 20:09:18.631
828,98,74,Jewelery,65.71,successful,2021-01-16 10:08:41.618
829,565,78,Automotive,76.07,successful,2021-02-27 09:19:41.477
830,584,53,Garden,56.09,successful,2021-02-25 13:28:46.352
831,337,82,Beauty,34.66,successful,2021-02-02 17:09:40.574
832,30,97,Clothing,17.57,successful,2021-01-03 20:45:15.192
833,453,12,Shoes,44.62,successful,2021-02-20 08:58:56.977
834,38,22,Industrial,23.13,successful,2021-03-03 00:41:53.856
835,278,83,Industrial,34.82,successful,2021-02-10 21:57:11.28
836,38,55,Garden,19.84,successful,2021-02-02 22:33:52.045
837,51,91,Music,30.69,successful,2021-01-29 16:33:54.455
838,311,65,Beauty,62.23,successful,2021-02-01 10:28:11.76
839,244,94,Grocery,29.38,successful,2021-03-15 02:28:21.453
840,355,56,Sports,50.52,successful,2021-03-10 15:34:52.754
841,206,69,Industrial,37.68,successful,2021-03-16 03:57:05.618
842,337,58,Computers,56.58,successful,2021-03-19 22:38:36.24
843,75,25,Shoes,15.43,successful,2021-03-24 17:25:44.951
844,175,80,Sports,73.86,failed,2021-03-25 03:53:52.534
845,172,66,Movies,52.08,successful,2021-02-19 10:56:36.264
846,312,48,Computers,40.74,successful,2021-03-07 04:58:51.548
847,558,28,Shoes,78.56,successful,2021-03-21 00:37:12.838
848,184,37,Jewelery,30.04,successful,2021-01-14 15:49:55.611
849,4,42,Home,48.47,successful,2021-01-23 12:44:02.102
850,14,22,Home,11.52,successful,2021-02-23 15:19:46.136
851,47,35,Clothing,8.96,failed,2021-01-11 11:52:46.923
852,121,78,Home,38.09,successful,2021-02-20 16:39:47.585
853,420,86,Toys,1.2,successful,2021-03-18 06:58:39.897
854,154,57,Sports,16.78,successful,2021-01-24 19:17:02.874
855,582,64,Music,33.46,successful,2021-03-12 15:47:57.626
856,550,65,Baby,42.93,successful,2021-02-27 17:07:25.314
857,180,18,Garden,88.39,successful,2021-01-23 21:46:26.957
858,336,18,Grocery,98.12,successful,2021-02-19 05:24:17.029
859,133,42,Sports,95.19,successful,2021-02-16 16:03:16.969
860,528,88,Games,26.66,successful,2021-02-15 18:23:24.213
861,500,35,Outdoors,47.91,successful,2021-02-25 21:03:51.31
862,343,82,Shoes,14.69,successful,2021-02-24 23:08:21.793
863,117,59,Computers,60.81,successful,2021-01-11 11:00:11.896
864,543,22,Baby,54.87,successful,2021-03-06 12:01:25.646
865,477,58,Computers,23.59,successful,2021-02-11 09:17:27.135
866,329,82,Electronics,8.23,successful,2021-03-21 23:16:38.324
867,475,90,Beauty,98.6,successful,2021-02-09 11:57:52.776
868,303,84,Music,26.95,successful,2021-02-16 21:30:39.299
869,105,76,Movies,59.3,successful,2021-02-13 09:16:11.942
870,102,97,Sports,44.41,successful,2021-01-14 03:25:33.547
871,285,67,Baby,1.38,successful,2021-02-20 22:59:36.468
872,22,74,Shoes,90.38,successful,2021-01-28 18:29:37.469
873,273,79,Tools,21.31,successful,2021-02-11 23:04:25.206
874,582,100,Industrial,59.05,successful,2021-02-28 08:46:43.399
875,291,41,Clothing,85.88,successful,2021-01-26 11:25:12.083
876,94,81,Industrial,88.17,successful,2021-01-07 17:11:11.246
877,400,97,Sports,53.25,successful,2021-03-06 17:26:03.94
878,186,36,Clothing,25.53,successful,2021-02-07 15:22:39.12
879,121,33,Shoes,54.3,successful,2021-03-25 07:22:44.47
880,591,92,Books,99.0,successful,2021-03-18 07:05:11.279
881,523,87,Music,41.16,successful,2021-02-21 01:19:42.384
882,555,28,Outdoors,30.61,successful,2021-02-21 13:46:55.991
883,580,20,Games,10.09,successful,2021-02-18 11:12:06.19
884,414,36,Home,87.26,successful,2021-03-25 05:47:49.127
885,169,59,Industrial,78.85,successful,2021-03-21 00:57:16.254
886,207,64,Garden,90.6,successful,2021-03-25 10:42:23.046
887,147,9,Music,71.83,successful,2021-02-02 11:55:43.525
888,142,34,Baby,74.5,successful,2021-02-10 00:29:19.879
889,107,29,Kids,68.0,successful,2021-02-06 11:22:43.934
890,574,75,Garden,62.24,successful,2021-03-13 22:31:23.624
891,65,61,Automotive,8.19,successful,2021-02-14 21:38:34.561
892,400,71,Outdoors,63.96,successful,2021-03-03 01:40:23.976
893,315,38,Grocery,37.29,successful,2021-02-25 23:57:43.043
894,101,81,Shoes,67.35,successful,2021-03-25 08:21:58.675
895,535,4,Music,71.01,successful,2021-02-22 06:35:42.654
896,318,28,Kids,64.19,successful,2021-02-08 14:18:55.139
897,352,54,Sports,37.31,successful,2021-03-04 13:09:34.314
898,512,42,Books,87.15,successful,2021-03-18 20:32:34.207
899,571,99,Tools,71.9,successful,2021-02-24 05:30:38.596
900,248,96,Movies,84.78,successful,2021-03-11 14:10:23.851
901,202,36,Health,93.65,successful,2021-02-22 19:20:22.936
902,190,12,Industrial,81.2,successful,2021-02-20 08:07:12.532
903,337,42,Health,17.27,successful,2021-02-22 01:29:13.581
904,393,13,Grocery,58.13,successful,2021-03-11 07:37:12.686
905,236,54,Computers,16.22,successful,2021-03-19 06:23:34.223
906,268,3,Grocery,48.96,successful,2021-02-25 02:21:16.048
907,565,46,Grocery,46.94,successful,2021-03-04 18:36:34.49
908,479,77,Kids,94.21,successful,2021-03-15 20:54:18.165
909,538,98,Jewelery,54.88,successful,2021-03-05 01:13:40.201
910,457,100,Movies,73.25,successful,2021-03-06 16:45:56.883
911,440,100,Shoes,91.97,successful,2021-03-19 11:13:45.872
912,273,72,Computers,94.53,successful,2021-02-10 12:25:04.949
913,59,71,Tools,53.6,successful,2021-03-16 16:09:28.975
914,401,12,Automotive,2.51,successful,2021-03-19 02:21:39.214
915,305,29,Kids,64.4,successful,2021-01-22 02:04:57.862
916,447,65,Kids,37.06,successful,2021-02-10 21:07:00.024
917,346,7,Electronics,48.12,successful,2021-03-25 07:15:48.045
918,484,94,Grocery,98.59,successful,2021-02-12 13:28:22.124
919,409,38,Books,99.6,successful,2021-03-25 09:19:46.711
920,561,81,Sports,23.59,successful,2021-02-16 08:09:18.939
921,299,54,Baby,90.31,successful,2021-01-27 17:34:05.832
922,589,1,Health,47.92,successful,2021-02-16 21:39:13.421
923,193,32,Movies,66.75,successful,2021-03-20 01:49:49.711
924,201,30,Garden,55.87,successful,2021-02-08 16:56:37.389
925,267,61,Beauty,92.67,failed,2021-02-13 17:20:09.895
926,230,13,Grocery,82.02,successful,2021-02-26 18:06:16.972
927,190,26,Baby,75.45,successful,2021-02-21 23:02:39.856
928,174,54,Jewelery,97.98,successful,2021-03-01 16:45:05.994
929,486,66,Sports,94.18,successful,2021-02-12 10:56:20.928
930,328,12,Garden,9.01,successful,2021-02-01 06:01:35.223
931,217,85,Jewelery,29.89,successful,2021-02-04 07:21:10.282
932,226,96,Clothing,36.36,successful,2021-02-27 07:29:48.624
933,526,52,Garden,58.34,successful,2021-02-17 17:29:27.522
934,26,71,Clothing,27.62,successful,2021-01-27 13:36:09.804
935,193,52,Home,88.9,successful,2021-01-22 05:36:41.302
936,548,100,Books,43.9,successful,2021-03-02 19:20:42.529
937,300,27,Books,5.64,successful,2021-03-15 19:47:34.423
938,253,97,Toys,32.22,successful,2021-02-16 21:08:38.737
939,377,48,Industrial,49.94,successful,2021-02-10 19:15:18.174
940,400,88,Garden,31.63,successful,2021-02-03 13:10:07.166
941,532,51,Computers,26.16,successful,2021-02-26 21:25:34.977
942,158,66,Home,3.64,successful,2021-02-14 22:35:42.117
943,566,53,Garden,6.97,successful,2021-03-10 02:12:13.663
944,152,60,Home,50.67,successful,2021-03-22 02:07:12.919
945,345,75,Shoes,61.27,successful,2021-02-09 22:32:01.003
946,61,100,Music,20.14,successful,2021-01-28 07:21:28.619
947,365,69,Jewelery,3.01,successful,2021-02-22 11:14:31.785
948,131,69,Sports,72.32,successful,2021-01-16 20:37:32.973
949,271,69,Kids,22.36,successful,2021-02-02 11:48:59.445
950,206,39,Beauty,58.44,successful,2021-03-06 07:51:06.312
951,289,21,Garden,94.28,successful,2021-02-14 23:24:10.93
952,167,89,Jewelery,21.09,successful,2021-01-29 01:47:10.666
953,6,12,Grocery,68.59,successful,2021-02-26 20:57:40.553
954,383,7,Home,88.2,successful,2021-02-08 12:00:31.484
955,60,23,Toys,7.54,successful,2021-02-15 09:34:17.332
956,549,9,Movies,27.3,successful,2021-03-01 11:36:03.117
957,135,87,Industrial,32.81,successful,2021-01-11 00:56:11.995
958,340,95,Shoes,8.93,successful,2021-03-01 13:42:51.338
959,13,87,Tools,56.15,successful,2021-02-17 00:14:51.603
960,55,20,Grocery,50.78,successful,2021-03-06 04:18:56.458
961,361,69,Sports,48.35,successful,2021-03-24 06:58:39.774
962,276,47,Clothing,33.29,successful,2021-03-24 11:34:51.261
963,449,75,Garden,72.05,successful,2021-02-21 15:27:08.395
964,84,89,Electronics,83.27,successful,2021-01-05 00:52:11.043
965,363,94,Electronics,42.5,successful,2021-03-07 10:26:15.725
966,420,94,Movies,3.89,successful,2021-03-01 11:41:20.268
967,192,1,Industrial,30.38,successful,2021-03-23 03:19:03.373
968,522,63,Kids,33.83,successful,2021-02-14 12:43:18.488
969,327,38,Electronics,27.47,successful,2021-02-28 21:22:47.131
970,375,39,Shoes,1.41,successful,2021-02-06 16:00:35.553
971,505,63,Tools,22.68,successful,2021-03-12 11:54:27.501
972,447,30,Beauty,51.6,successful,2021-03-02 02:48:33.958
973,165,41,Games,5.01,successful,2021-01-24 22:37:03.313
974,257,86,Health,43.22,successful,2021-01-22 19:14:31.283
975,510,46,Electronics,8.34,successful,2021-02-16 01:09:15.035
976,5,98,Grocery,26.07,successful,2021-02-09 10:39:24.916
977,415,18,Books,52.53,successful,2021-03-01 02:02:22.496
978,38,40,Garden,51.39,successful,2021-02-16 16:47:04.521
979,577,47,Garden,94.51,successful,2021-03-21 17:47:44.446
980,377,59,Electronics,34.37,successful,2021-03-19 23:01:22.857
981,88,83,Tools,58.27,successful,2021-01-21 07:41:40.222
982,38,50,Electronics,12.01,successful,2021-01-04 00:37:57.592
983,424,69,Health,66.71,successful,2021-02-03 09:22:25.091
984,516,98,Games,37.44,successful,2021-02-13 11:47:38.779
985,106,11,Home,73.04,successful,2021-03-08 13:14:21.891
986,131,68,Jewelery,44.51,successful,2021-02-10 21:38:15.651
987,204,78,Baby,9.64,successful,2021-03-09 13:38:36.719
988,30,92,Electronics,46.03,successful,2021-03-07 15:05:29.825
989,285,29,Health,61.44,successful,2021-02-03 02:28:21.462
990,118,73,Computers,92.39,successful,2021-03-22 06:54:20.115
991,539,18,Health,58.75,successful,2021-02-25 07:40:01.874
992,186,51,Music,23.25,successful,2021-03-05 00:46:39.096
993,325,45,Grocery,51.44,successful,2021-02-11 06:28:32.555
994,29,40,Jewelery,22.46,successful,2021-02-23 22:59:22.323
995,524,57,Health,88.48,successful,2021-03-22 07:03:33.662
996,497,98,Computers,51.22,successful,2021-03-23 11:53:13.72
997,198,20,Tools,24.37,successful,2021-03-04 21:52:02.958
998,243,49,Home,63.2,successful,2021-03-09 15:34:07.245
999,190,76,Computers,55.91,successful,2021-02-07 15:11:00.226
1000,375,80,Kids,43.78,successful,2021-01-28 09:36:13.735